{
  "load-15m": {
    "0.99": 4.655798739304329
  },
  "cpu-user": {
    "0.99": 8.109867803997371
  },
  "cpu-system": {
    "0.99": 7.084238366205639
  },
  "sys-fork-rate": {
    "0.99": 6.810514640532282
  },
  "sys-interrupt-rate": {
    "0.99": 19.75762178134666
  },
  "sys-context-switch-rate": {
    "0.99": 12.621575052772789
  }
}